{"cameraMode":{"drawMode":0,"name":"Shaded","section":"Shading Mode"},"sceneLighting":true,"audioPlay":false,"sceneViewState":{"showFog":false,"showMaterialUpdate":false,"showSkybox":true,"showFlares":false,"showImageEffects":false,"showParticleSystems":false},"in2DMode":false,"pivot":{"x":5.185903549194336,"y":1.0050276517868043,"z":-1.8644471168518067},"rotation":{"x":-0.06168361008167267,"y":0.05297175049781799,"z":-0.0032778677996248008,"w":-0.9966878890991211},"size":9.947312355041504,"orthographic":false}